{
  "params": {
    "val_size": 0.2,
    "seed": 42,
    "max_features": 10000,
    "hidden_layers": [
      100
    ],
    "max_iter": 50,
    "alpha": 0.0001,
    "out_dir": "results/nn_baseline"
  },
  "metrics": {
    "accuracy": 0.8646,
    "precision": 0.8630027877339705,
    "recall": 0.8668,
    "f1": 0.8648972261025744,
    "confusion_matrix": [
      [
        2156,
        344
      ],
      [
        333,
        2167
      ]
    ]
  }
}