{
  "params": {
    "val_size": 0.2,
    "seed": 42,
    "max_features": 10000,
    "hidden_layers": [
      100
    ],
    "max_iter": 20,
    "alpha": 0.0001,
    "out_dir": "results/nn_baseline"
  },
  "metrics": {
    "accuracy": 0.8714,
    "precision": 0.8668510470169893,
    "recall": 0.8776,
    "f1": 0.872192407076128,
    "confusion_matrix": [
      [
        2163,
        337
      ],
      [
        306,
        2194
      ]
    ]
  }
}