{
  "params": {
    "val_size": 0.2,
    "seed": 42,
    "max_features": 5000,
    "k": 5,
    "metric": "cosine",
    "out_dir": "results/knn_baseline"
  },
  "metrics": {
    "accuracy": 0.729,
    "precision": 0.7141788252899364,
    "recall": 0.7636,
    "f1": 0.7380630195244539,
    "confusion_matrix": [
      [
        1736,
        764
      ],
      [
        591,
        1909
      ]
    ]
  }
}